timestamp,input_csv,underlyingValue,top1ce_strike,top1ce_oi_value,top2ce_strike,top2ce_oi_value,top3ce_strike,top3ce_oi_value,top1pe_strike,top1pe_oi_value,top2pe_strike,top2pe_oi_value,top3pe_strike,top3pe_oi_value,Overall_CE_openInterest,Overall_PE_openInterest,Overall_CE_totalTradedVolume,Overall_PE_totalTradedVolume,CE_delta1_since_start,CE_delta2_since_start,CE_delta3_since_start,CE_delta1_from_previous,CE_delta2_from_previous,CE_delta3_from_previous,PE_delta1_since_start,PE_delta2_since_start,PE_delta3_since_start,PE_delta1_from_previous,PE_delta2_from_previous,PE_delta3_from_previous,Overall_CE_openInterest_delta_since_start,Overall_PE_openInterest_delta_since_start,Overall_CE_totalTradedVolume_delta_since_start,Overall_PE_totalTradedVolume_delta_since_start,Overall_CE_openInterest_delta_from_previous,Overall_PE_openInterest_delta_from_previous,Overall_CE_totalTradedVolume_delta_from_previous,Overall_PE_totalTradedVolume_delta_from_previous
2026-06-09T09:21:17.858837,C:\Users\Vinit\OneDrive\Desktop\AlgoTrades\OI_DASH_V1\nifty_data_csv\nifty_20260609_092104.csv,23242.2,23300,273114,23500,267794,23250,213909,23200,247497,23000,239404,23100,189527,3673211.0,2787251.0,5359284.0,4951610.0,+0,+0,+0,+123860,+123019,+45434,+0,+0,+0,+185733,+85541,+86676,+0,+0,+0,+0,+501919,+762046,-62007477,-58246040
2026-06-09T09:26:08.858537,C:\Users\Vinit\OneDrive\Desktop\AlgoTrades\OI_DASH_V1\nifty_data_csv\nifty_20260609_092605.csv,23238.0,23300,337580,23250,305474,23500,290083,23200,376683,23000,277362,23100,238187,4044882.0,3286007.0,8852598.0,8274542.0,+91565,+64466,+22289,+91565,+64466,+22289,+129186,+48660,+37958,+129186,+48660,+37958,+371671,+498756,+3493314,+3322932,+371671,+498756,+3493314,+3322932
2026-06-09T09:31:09.717511,C:\Users\Vinit\OneDrive\Desktop\AlgoTrades\OI_DASH_V1\nifty_data_csv\nifty_20260609_093105.csv,23232.25,23300,377415,23250,355836,23500,299293,23200,423919,23000,297008,23100,261764,4305077.0,3505477.0,10786357.0,10307972.0,+141927,+104301,+31499,+50362,+39835,+9210,+176422,+72237,+57604,+47236,+23577,+19646,+631866,+718226,+5427073,+5356362,+260195,+219470,+1933759,+2033430
2026-06-09T09:36:10.629656,C:\Users\Vinit\OneDrive\Desktop\AlgoTrades\OI_DASH_V1\nifty_data_csv\nifty_20260609_093606.csv,23236.2,23300,392049,23250,364151,23500,302153,23200,481538,23000,309902,23100,274101,4359857.0,3770918.0,13593719.0,12844559.0,+150242,+118935,+34359,+8315,+14634,+2860,+234041,+84574,+70498,+57619,+12337,+12894,+686646,+983667,+8234435,+7892949,+54780,+265441,+2807362,+2536587
2026-06-09T09:41:11.633435,C:\Users\Vinit\OneDrive\Desktop\AlgoTrades\OI_DASH_V1\nifty_data_csv\nifty_20260609_094107.csv,23207.2,23250,435395,23300,433401,23500,312862,23200,462205,23000,324608,23100,286941,4632685.0,3814328.0,16045661.0,15292466.0,+221486,+160287,+45068,+71244,+41352,+10709,+214708,+97414,+85204,-19333,+12840,+14706,+959474,+1027077,+10686377,+10340856,+272828,+43410,+2451942,+2447907
2026-06-09T09:46:12.655005,C:\Users\Vinit\OneDrive\Desktop\AlgoTrades\OI_DASH_V1\nifty_data_csv\nifty_20260609_094608.csv,23200.75,23250,477842,23300,474203,23200,357953,23200,452195,23000,338479,23100,297950,4891732.0,3865024.0,17929056.0,17586962.0,+153839,+263933,+201089,+49824,+42447,+40802,+204698,+108423,+99075,-10010,+11009,+13871,+1218521,+1077773,+12569772,+12635352,+259047,+50696,+1883395,+2294496
2026-06-09T09:51:13.695320,C:\Users\Vinit\OneDrive\Desktop\AlgoTrades\OI_DASH_V1\nifty_data_csv\nifty_20260609_095109.csv,23188.2,23250,496759,23300,494230,23200,396332,23200,434982,23000,341513,23100,306360,5064173.0,3845487.0,20567429.0,20993593.0,+192218,+282850,+221116,+38379,+18917,+20027,+187485,+116833,+102109,-17213,+8410,+3034,+1390962,+1058236,+15208145,+16041983,+172441,-19537,+2638373,+3406631
2026-06-09T09:56:14.810306,C:\Users\Vinit\OneDrive\Desktop\AlgoTrades\OI_DASH_V1\nifty_data_csv\nifty_20260609_095609.csv,23207.5,23300,501647,23250,499286,23200,414177,23200,392387,23000,330897,23100,311390,5112892.0,3744056.0,22680245.0,23642884.0,+210063,+285377,+228533,+17845,+2527,+7417,+144890,+121863,+91493,-42595,+5030,-10616,+1439681,+956805,+17320961,+18691274,+48719,-101431,+2112816,+2649291
2026-06-09T10:01:15.948485,C:\Users\Vinit\OneDrive\Desktop\AlgoTrades\OI_DASH_V1\nifty_data_csv\nifty_20260609_100110.csv,23188.2,23250,527368,23300,521286,23200,437638,23200,387079,23000,348907,23100,318585,5230205.0,3783727.0,24808779.0,26322988.0,+233524,+313459,+248172,+23461,+28082,+19639,+139582,+129058,+109503,-5308,+7195,+18010,+1556994,+996476,+19449495,+21371378,+117313,+39671,+2128534,+2680104
2026-06-09T10:06:17.074650,C:\Users\Vinit\OneDrive\Desktop\AlgoTrades\OI_DASH_V1\nifty_data_csv\nifty_20260609_100611.csv,23175.4,23250,536953,23300,529701,23200,478146,23200,356336,23000,342640,23100,315852,5392654.0,3703365.0,26796107.0,28969055.0,+274032,+323044,+256587,+40508,+9585,+8415,+108839,+126325,+103236,-30743,-2733,-6267,+1719443,+916114,+21436823,+24017445,+162449,-80362,+1987328,+2646067
2026-06-09T10:11:18.550572,C:\Users\Vinit\OneDrive\Desktop\AlgoTrades\OI_DASH_V1\nifty_data_csv\nifty_20260609_101111.csv,23164.95,23250,545752,23300,543933,23200,533661,23000,342761,23200,335088,23100,317485,5583553.0,3670537.0,28848218.0,31684929.0,+329547,+331843,+270819,+55515,+8799,+14232,+87591,+127958,+103357,-21248,+1633,+121,+1910342,+883286,+23488934,+26733319,+190899,-32828,+2052111,+2715874
2026-06-09T10:11:18.550572,C:\Users\Vinit\OneDrive\Desktop\AlgoTrades\OI_DASH_V1\nifty_data_csv\nifty_20260609_101111.csv,23164.95,23250,545752,23300,543933,23200,533661,23000,342761,23200,335088,23100,317485,5583553.0,3670537.0,28848218.0,31684929.0,+329547,+331843,+270819,+55515,+8799,+14232,+87591,+127958,+103357,-21248,+1633,+121,+1910342,+883286,+23488934,+26733319,+190899,-32828,+2052111,+2715874
2026-06-09T10:16:19.713881,C:\Users\Vinit\OneDrive\Desktop\AlgoTrades\OI_DASH_V1\nifty_data_csv\nifty_20260609_101612.csv,23164.35,23200,574979,23250,555388,23300,554870,23000,350137,23100,328287,23200,319480,5743953.0,3701938.0,29934547.0,33052572.0,+370865,+341479,+281756,+41318,+9636,+10937,+71983,+138760,+110733,-15608,+10802,+7376,+2070742,+914687,+24575263,+28100962,+160400,+31401,+1086329,+1367643
2026-06-09T10:21:20.873469,C:\Users\Vinit\OneDrive\Desktop\AlgoTrades\OI_DASH_V1\nifty_data_csv\nifty_20260609_102112.csv,23163.05,23200,603687,23250,574845,23300,564308,23000,353497,23100,334065,23200,315170,5887954.0,3718707.0,31374916.0,34952214.0,+399573,+360936,+291194,+28708,+19457,+9438,+67673,+144538,+114093,-4310,+5778,+3360,+2214743,+931456,+26015632,+30000604,+144001,+16769,+1440369,+1899642
2026-06-09T10:21:20.873469,C:\Users\Vinit\OneDrive\Desktop\AlgoTrades\OI_DASH_V1\nifty_data_csv\nifty_20260609_102112.csv,23163.05,23200,603687,23250,574845,23300,564308,23000,353497,23100,334065,23200,315170,5887954.0,3718707.0,31374916.0,34952214.0,+399573,+360936,+291194,+28708,+19457,+9438,+67673,+144538,+114093,-4310,+5778,+3360,+2214743,+931456,+26015632,+30000604,+144001,+16769,+1440369,+1899642
2026-06-09T10:26:21.975213,C:\Users\Vinit\OneDrive\Desktop\AlgoTrades\OI_DASH_V1\nifty_data_csv\nifty_20260609_102613.csv,23157.6,23200,626232,23250,560381,23300,558624,23000,345149,23100,314193,23200,273254,5983782.0,3600757.0,33164852.0,37485053.0,+422118,+346472,+285510,+22545,-14464,-5684,+25757,+124666,+105745,-41916,-19872,-8348,+2310571,+813506,+27805568,+32533443,+95828,-117950,+1789936,+2532839
2026-06-09T10:31:23.015962,C:\Users\Vinit\OneDrive\Desktop\AlgoTrades\OI_DASH_V1\nifty_data_csv\nifty_20260609_103114.csv,23165.75,23200,652631,23250,570176,23300,564121,23000,359197,23100,321249,23200,270956,6103830.0,3676855.0,34586766.0,39462532.0,+448517,+356267,+291007,+26399,+9795,+5497,+23459,+131722,+119793,-2298,+7056,+14048,+2430619,+889604,+29227482,+34510922,+120048,+76098,+1421914,+1977479
2026-06-09T10:31:23.015962,C:\Users\Vinit\OneDrive\Desktop\AlgoTrades\OI_DASH_V1\nifty_data_csv\nifty_20260609_103114.csv,23165.75,23200,652631,23250,570176,23300,564121,23000,359197,23100,321249,23200,270956,6103830.0,3676855.0,34586766.0,39462532.0,+448517,+356267,+291007,+26399,+9795,+5497,+23459,+131722,+119793,-2298,+7056,+14048,+2430619,+889604,+29227482,+34510922,+120048,+76098,+1421914,+1977479
2026-06-09T10:36:24.159323,C:\Users\Vinit\OneDrive\Desktop\AlgoTrades\OI_DASH_V1\nifty_data_csv\nifty_20260609_103615.csv,23154.0,23200,663480,23250,578993,23300,566728,23000,367991,23100,341081,23150,285740,6173530.0,3779211.0,35728493.0,40826724.0,+459366,+365084,+293614,+10849,+8817,+2607,+172684,+151554,+128587,+20304,+19832,+8794,+2500319,+991960,+30369209,+35875114,+69700,+102356,+1141727,+1364192
2026-06-09T10:41:31.363284,C:\Users\Vinit\OneDrive\Desktop\AlgoTrades\OI_DASH_V1\nifty_data_csv\nifty_20260609_104115.csv,23148.7,23200,690368,23250,583080,23300,563000,23000,376137,23100,353886,23150,287452,6265879.0,3788156.0,36874129.0,42219654.0,+486254,+369171,+289886,+26888,+4087,-3728,+174396,+164359,+136733,+1712,+12805,+8146,+2592668,+1000905,+31514845,+37268044,+92349,+8945,+1145636,+1392930
2026-06-09T10:46:22.691300,C:\Users\Vinit\OneDrive\Desktop\AlgoTrades\OI_DASH_V1\nifty_data_csv\nifty_20260609_104616.csv,23158.15,23200,696548,23250,586100,23300,564064,23000,380072,23100,357724,23150,288827,6306793.0,3800326.0,37361457.0,42926337.0,+492434,+372191,+290950,+6180,+3020,+1064,+175771,+168197,+140668,+1375,+3838,+3935,+2633582,+1013075,+32002173,+37974727,+40914,+12170,+487328,+706683
2026-06-09T10:51:23.956453,C:\Users\Vinit\OneDrive\Desktop\AlgoTrades\OI_DASH_V1\nifty_data_csv\nifty_20260609_105117.csv,23134.55,23200,709422,23250,590513,23300,566520,23000,387631,23100,384835,23150,316155,6359680.0,3897237.0,39749185.0,46013915.0,+505308,+376604,+293406,+12874,+4413,+2456,+203099,+195308,+148227,+27328,+27111,+7559,+2686469,+1109986,+34389901,+41062305,+52887,+96911,+2387728,+3087578
2026-06-09T10:52:27.712306,C:\Users\Vinit\OneDrive\Desktop\AlgoTrades\OI_DASH_V1\nifty_data_csv\nifty_20260609_105218.csv,23130.95,23200,698260,23250,587972,23300,554625,23000,360144,23100,341012,23150,253593,6347686.0,3652841.0,40388011.0,46737604.0,+494146,+374063,+281511,-11162,-2541,-11895,+140537,+151485,+120740,-62562,-43823,-27487,+2674475,+865590,+35028727,+41785994,-11994,-244396,+638826,+723689
2026-06-09T10:57:47.611217,C:\Users\Vinit\OneDrive\Desktop\AlgoTrades\OI_DASH_V1\nifty_data_csv\nifty_20260609_105738.csv,23150.35,23200,712167,23250,574672,23300,565959,23000,390338,23100,365970,23150,267904,6353443.0,3744735.0,43371699.0,49872811.0,+508053,+360763,+292845,+13907,-13300,+11334,+154848,+176443,+150934,+14311,+24958,+30194,+2680232,+957484,+38012415,+44921201,+5757,+91894,+2983688,+3135207
2026-06-09T11:02:48.609631,C:\Users\Vinit\OneDrive\Desktop\AlgoTrades\OI_DASH_V1\nifty_data_csv\nifty_20260609_110238.csv,23153.05,23200,723276,23250,585211,23300,575003,23000,402148,23100,385912,23150,297911,6401245.0,3855473.0,44390608.0,50990979.0,+519162,+371302,+301889,+11109,+10539,+9044,+184855,+196385,+162744,+30007,+19942,+11810,+2728034,+1068222,+39031324,+46039369,+47802,+110738,+1018909,+1118168
2026-06-09T11:07:49.313179,C:\Users\Vinit\OneDrive\Desktop\AlgoTrades\OI_DASH_V1\nifty_data_csv\nifty_20260609_110739.csv,23160.45,23200,726955,23250,587391,23300,569513,23000,406922,23100,392739,23150,309512,6409341.0,3921803.0,45452975.0,52201560.0,+522841,+373482,+296399,+3679,+2180,-5490,+196456,+203212,+167518,+11601,+6827,+4774,+2736130,+1134552,+40093691,+47249950,+8096,+66330,+1062367,+1210581
2026-06-09T11:08:20.379492,C:\Users\Vinit\OneDrive\Desktop\AlgoTrades\OI_DASH_V1\nifty_data_csv\nifty_20260609_110811.csv,23157.55,23200,732746,23250,583325,23300,568461,23000,407958,23100,394440,23150,316329,6419088.0,3940669.0,45576824.0,52360963.0,+528632,+369416,+295347,+5791,-4066,-1052,+203273,+204913,+168554,+6817,+1701,+1036,+2745877,+1153418,+40217540,+47409353,+9747,+18866,+123849,+159403
2026-06-09T11:18:21.435134,C:\Users\Vinit\OneDrive\Desktop\AlgoTrades\OI_DASH_V1\nifty_data_csv\nifty_20260609_111812.csv,23143.0,23200,738471,23250,585814,23300,574799,23000,416148,23100,412692,23150,316302,6470264.0,3997831.0,47805604.0,54996490.0,+534357,+371905,+301685,+5725,+2489,+6338,+203246,+223165,+176744,-27,+18252,+8190,+2797053,+1210580,+42446320,+50044880,+51176,+57162,+2228780,+2635527
2026-06-09T11:23:22.417279,C:\Users\Vinit\OneDrive\Desktop\AlgoTrades\OI_DASH_V1\nifty_data_csv\nifty_20260609_112313.csv,23136.65,23200,753995,23250,587110,23300,576608,23100,412925,23000,412758,23150,318490,6520565.0,4009141.0,49190239.0,56733078.0,+549881,+373201,+303494,+15524,+1296,+1809,+205434,+223398,+173354,+2188,+233,-3390,+2847354,+1221890,+43830955,+51781468,+50301,+11310,+1384635,+1736588
2026-06-09T12:12:48.371974,C:\Users\Vinit\OneDrive\Desktop\AlgoTrades\OI_DASH_V1\nifty_data_csv\nifty_20260609_121247.csv,23182.1,23200,678611,23300,581779,23250,513125,23100,490547,23150,413059,23000,404303,6037854.0,4275423.0,74606704.0,78687858.0,+474497,+299216,+308665,-75384,-73985,+5171,+300003,+301020,+164899,+94569,+77622,-8455,+2364643,+1488172,+69247420,+73736248,-482711,+266282,+25416465,+21954780
2026-06-09T12:17:49.088546,C:\Users\Vinit\OneDrive\Desktop\AlgoTrades\OI_DASH_V1\nifty_data_csv\nifty_20260609_121747.csv,23193.6,23200,692725,23300,589646,23250,530573,23100,495941,23150,423726,23000,401480,6087676.0,4295585.0,75927002.0,79879634.0,+488611,+316664,+316532,+14114,+17448,+7867,+310670,+306414,+162076,+10667,+5394,-2823,+2414465,+1508334,+70567718,+74928024,+49822,+20162,+1320298,+1191776
2026-06-09T12:22:49.975383,C:\Users\Vinit\OneDrive\Desktop\AlgoTrades\OI_DASH_V1\nifty_data_csv\nifty_20260609_122248.csv,23201.55,23200,682194,23300,595255,23250,535176,23100,495576,23150,445987,23000,395720,6070010.0,4342689.0,77823111.0,81475206.0,+478080,+321267,+322141,-10531,+4603,+5609,+332931,+306049,+156316,+22261,-365,-5760,+2396799,+1555438,+72463827,+76523596,-17666,+47104,+1896109,+1595572
2026-06-09T12:27:50.685785,C:\Users\Vinit\OneDrive\Desktop\AlgoTrades\OI_DASH_V1\nifty_data_csv\nifty_20260609_122749.csv,23198.6,23200,651636,23300,603556,23250,541760,23100,496760,23150,456447,23200,413324,5987263.0,4388820.0,80006102.0,83350295.0,+447522,+327851,+330442,-30558,+6584,+8301,+165827,+343391,+307233,+35206,+10460,+1184,+2314052,+1601569,+74646818,+78398685,-82747,+46131,+2182991,+1875089
2026-06-09T12:32:51.372356,C:\Users\Vinit\OneDrive\Desktop\AlgoTrades\OI_DASH_V1\nifty_data_csv\nifty_20260609_123250.csv,23212.25,23200,640264,23300,615056,23250,556505,23100,498473,23150,460795,23200,449041,5993488.0,4442144.0,82091718.0,85079335.0,+436150,+342596,+341942,-11372,+14745,+11500,+201544,+347739,+308946,+35717,+4348,+1713,+2320277,+1654893,+76732434,+80127725,+6225,+53324,+2085616,+1729040
2026-06-09T12:38:02.033517,C:\Users\Vinit\OneDrive\Desktop\AlgoTrades\OI_DASH_V1\nifty_data_csv\nifty_20260609_123751.csv,23218.3,23300,602911,23200,550438,23250,513359,23200,508309,23150,471909,23100,471030,5732460.0,4493547.0,85650612.0,87638281.0,+346324,+299450,+329797,-89826,-43146,-12145,+260812,+358853,+281503,+59268,+11114,-27443,+2059249,+1706296,+80291328,+82686671,-261028,+51403,+3558894,+2558946
2026-06-09T12:43:02.676641,C:\Users\Vinit\OneDrive\Desktop\AlgoTrades\OI_DASH_V1\nifty_data_csv\nifty_20260609_124252.csv,23219.4,23300,616644,23200,552303,23250,538434,23200,545430,23150,490678,23100,477479,5732125.0,4568472.0,87738726.0,89292321.0,+348189,+324525,+343530,+1865,+25075,+13733,+297933,+377622,+287952,+37121,+18769,+6449,+2058914,+1781221,+82379442,+84340711,-335,+74925,+2088114,+1654040
2026-06-09T12:48:03.326951,C:\Users\Vinit\OneDrive\Desktop\AlgoTrades\OI_DASH_V1\nifty_data_csv\nifty_20260609_124753.csv,23204.45,23300,603525,23200,552354,23250,539701,23200,535505,23150,489890,23100,481647,5697853.0,4551984.0,90527478.0,91530616.0,+348240,+325792,+330411,+51,+1267,-13119,+288008,+376834,+292120,-9925,-788,+4168,+2024642,+1764733,+85168194,+86579006,-34272,-16488,+2788752,+2238295
2026-06-09T12:53:03.972132,C:\Users\Vinit\OneDrive\Desktop\AlgoTrades\OI_DASH_V1\nifty_data_csv\nifty_20260609_125257.csv,23200.05,23300,595451,23200,559250,23250,554274,23200,557717,23100,505733,23150,501271,5693703.0,4589392.0,92842439.0,93581150.0,+355136,+340365,+322337,+6896,+14573,-8074,+310220,+388215,+316206,+22212,+11381,+24086,+2020492,+1802141,+87483155,+88629540,-4150,+37408,+2314961,+2050534
2026-06-09T12:58:04.598707,C:\Users\Vinit\OneDrive\Desktop\AlgoTrades\OI_DASH_V1\nifty_data_csv\nifty_20260609_125758.csv,23188.7,23300,608473,23200,593648,23250,569611,23200,541523,23150,512979,23100,511983,5757563.0,4562432.0,95023391.0,95338915.0,+389534,+355702,+335359,+34398,+15337,+13022,+294026,+399923,+322456,-16194,+11708,+6250,+2084352,+1775181,+89664107,+90387305,+63860,-26960,+2180952,+1757765
2026-06-09T13:03:05.232332,C:\Users\Vinit\OneDrive\Desktop\AlgoTrades\OI_DASH_V1\nifty_data_csv\nifty_20260609_130300.csv,23198.55,23200,672700,23300,598088,23250,579887,23100,520449,23150,499380,23200,486616,5833085.0,4462500.0,98216347.0,98645031.0,+468586,+365978,+324974,+79052,+10276,-10385,+239119,+386324,+330922,-54907,-13599,+8466,+2159874,+1675249,+92857063,+93693421,+75522,-99932,+3192956,+3306116
2026-06-09T13:07:20.410436,C:\Users\Vinit\OneDrive\Desktop\AlgoTrades\OI_DASH_V1\nifty_data_csv\nifty_20260609_130710.csv,23195.9,23200,679649,23300,606985,23250,585544,23100,522059,23150,508286,23200,491670,5857709.0,4493941.0,99144449.0,99489091.0,+475535,+371635,+333871,+6949,+5657,+8897,+244173,+395230,+332532,+5054,+8906,+1610,+2184498,+1706690,+93785165,+94537481,+24624,+31441,+928102,+844060
2026-06-09T13:09:29.121697,C:\Users\Vinit\OneDrive\Desktop\AlgoTrades\OI_DASH_V1\nifty_data_csv\nifty_20260609_130919.csv,23195.35,23200,676364,23300,612188,23250,590634,23150,522312,23100,522116,23200,515333,5833425.0,4488562.0,100978290.0,101325028.0,+472250,+376725,+339074,-3285,+5090,+5203,+267836,+409256,+332589,+23663,+14026,+57,+2160214,+1701311,+95619006,+96373418,-24284,-5379,+1833841,+1835937
2026-06-09T13:34:30.636921,C:\Users\Vinit\OneDrive\Desktop\AlgoTrades\OI_DASH_V1\nifty_data_csv\nifty_20260609_133428.csv,23191.0,23200,656447,23300,611317,23250,610652,23150,558412,23200,551407,23100,541085,5780929.0,4525668.0,113220893.0,111595055.0,+452333,+396743,+338203,-19917,+20018,-871,+303910,+445356,+351558,+36074,+36100,+18969,+2107718,+1738417,+107861609,+106643445,-52496,+37106,+12242603,+10270027
2026-06-09T13:59:32.804976,C:\Users\Vinit\OneDrive\Desktop\AlgoTrades\OI_DASH_V1\nifty_data_csv\nifty_20260609_135928.csv,23176.4,23200,691915,23250,638675,23300,580447,23150,554586,23200,543873,23100,490553,5778367.0,4377948.0,127509722.0,124145823.0,+487801,+424766,+307333,+35468,+28023,-30870,+296376,+441530,+301026,-7534,-3826,-50532,+2105156,+1590697,+122150438,+119194213,-2562,-147720,+14288829,+12550768
2026-06-09T14:24:39.948339,C:\Users\Vinit\OneDrive\Desktop\AlgoTrades\OI_DASH_V1\nifty_data_csv\nifty_20260609_142430.csv,23191.6,23200,694134,23250,687204,23300,549153,23200,695387,23150,629477,23100,444612,5688040.0,4547825.0,142843507.0,138657773.0,+490020,+473295,+276039,+2219,+48529,-31294,+447890,+516421,+255085,+151514,+74891,-45941,+2014829,+1760574,+137484223,+133706163,-90327,+169877,+15333785,+14511950
2026-06-09T14:49:41.493172,C:\Users\Vinit\OneDrive\Desktop\AlgoTrades\OI_DASH_V1\nifty_data_csv\nifty_20260609_144931.csv,23240.2,23300,689634,23250,596401,23200,339080,23200,804203,23250,559502,23150,376244,5079057.0,4587035.0,168396199.0,158356969.0,+134966,+382492,+416520,-355054,-90803,+140481,+450363,+556706,+263188,+377753,+108816,-253233,+1405846,+1799784,+163036915,+153405359,-608983,+39210,+25552692,+19699196
2026-06-09T15:14:43.031156,C:\Users\Vinit\OneDrive\Desktop\AlgoTrades\OI_DASH_V1\nifty_data_csv\nifty_20260609_151432.csv,23242.15,23300,585367,23250,506117,23500,224691,23250,668394,23200,499669,23150,239008,4224287.0,3898897.0,198826657.0,185985431.0,+292208,+312253,-43103,-90284,-104267,-31813,+559255,+252172,+125952,+108892,-304534,-137236,+551076,+1111646,+193467373,+181033821,-854770,-688138,+30430458,+27628462
2026-06-09T15:39:44.353698,C:\Users\Vinit\OneDrive\Desktop\AlgoTrades\OI_DASH_V1\nifty_data_csv\nifty_20260609_153934.csv,23242.1,23250,360759,23300,325309,23500,169471,23200,379408,23250,260743,23150,177911,3312104.0,2730073.0,205696314.0,193712841.0,+146850,+52195,-98323,-145358,-260058,-55220,+151604,+131911,+64855,-407651,-120261,-61097,-361107,-57178,+200337030,+188761231,-912183,-1168824,+6869657,+7727410
2026-06-09T15:47:31.258883,C:\Users\Vinit\OneDrive\Desktop\AlgoTrades\OI_DASH_V1\nifty_data_csv\nifty_20260609_154722.csv,23242.1,23250,360759,23300,325309,23500,169471,23200,379408,23250,260743,23150,177911,3312104.0,2730073.0,205696314.0,193712841.0,+146850,+52195,-98323,+0,+0,+0,+151604,+131911,+64855,+0,+0,+0,-361107,-57178,+200337030,+188761231,+0,+0,+0,+0
2026-06-09T16:12:32.779990,C:\Users\Vinit\OneDrive\Desktop\AlgoTrades\OI_DASH_V1\nifty_data_csv\nifty_20260609_161223.csv,23242.1,23250,360759,23300,325309,23500,169471,23200,379408,23250,260743,23150,177911,3312104.0,2730073.0,205696314.0,193712841.0,+146850,+52195,-98323,+0,+0,+0,+151604,+131911,+64855,+0,+0,+0,-361107,-57178,+200337030,+188761231,+0,+0,+0,+0
