timestamp,input_csv,underlyingValue,top1ce_strike,top1ce_oi_value,top2ce_strike,top2ce_oi_value,top3ce_strike,top3ce_oi_value,top1pe_strike,top1pe_oi_value,top2pe_strike,top2pe_oi_value,top3pe_strike,top3pe_oi_value,Overall_CE_openInterest,Overall_PE_openInterest,Overall_CE_totalTradedVolume,Overall_PE_totalTradedVolume
2026-06-05T09:16:17.690270,C:\Users\Vinit\OneDrive\Desktop\Trade_Auto\nifty_data_csv\nifty_20260605_091603.csv,23500.2,24000,179205,23500,106943,23800,86669,23000,122993,23300,117679,23400,83373,2086361.0,2010733.0,25055683.0,23882531.0
2026-06-05T09:31:09.235768,C:\Users\Vinit\OneDrive\Desktop\Trade_Auto\nifty_data_csv\nifty_20260605_093103.csv,23466.1,23500,181254,23800,100275,23700,99112,23000,148461,23300,137655,23500,127205,2457274.0,2322757.0,2471958.0,3130250.0
2026-06-05T09:46:10.785996,C:\Users\Vinit\OneDrive\Desktop\Trade_Auto\nifty_data_csv\nifty_20260605_094604.csv,23467.25,23500,185434,23700,107321,23800,106414,23300,156357,23500,156239,23000,156073,2582370.0,2540271.0,4708493.0,5166842.0
2026-06-05T10:01:13.035324,C:\Users\Vinit\OneDrive\Desktop\Trade_Auto\nifty_data_csv\nifty_20260605_100105.csv,23443.6,23500,212202,23700,115048,23800,112883,23000,164886,23300,148463,23500,140417,2762559.0,2540017.0,6137827.0,6664965.0
2026-06-05T10:16:14.279886,C:\Users\Vinit\OneDrive\Desktop\Trade_Auto\nifty_data_csv\nifty_20260605_101606.csv,23474.95,23500,195550,23700,111982,23800,110337,23000,173366,23500,166883,23300,160432,2750942.0,2678773.0,9800405.0,10066857.0
2026-06-05T10:31:15.496299,C:\Users\Vinit\OneDrive\Desktop\Trade_Auto\nifty_data_csv\nifty_20260605_103107.csv,23470.8,23500,223108,23700,125928,23800,123728,23000,174512,23500,173871,23300,163341,2864068.0,2621265.0,12209348.0,12223157.0
2026-06-05T10:46:22.641803,C:\Users\Vinit\OneDrive\Desktop\Trade_Auto\nifty_data_csv\nifty_20260605_104608.csv,23355.65,23500,270013,23600,148587,23700,147104,23000,173421,23300,142327,23400,125207,3330768.0,2422765.0,15909150.0,16768056.0
2026-06-05T11:01:14.936501,C:\Users\Vinit\OneDrive\Desktop\Trade_Auto\nifty_data_csv\nifty_20260605_110109.csv,23406.85,23500,276610,23400,162193,23600,159859,23000,174461,23300,153193,23400,132091,3496790.0,2472731.0,18396833.0,19324642.0
2026-06-05T11:16:26.290589,C:\Users\Vinit\OneDrive\Desktop\Trade_Auto\nifty_data_csv\nifty_20260605_111610.csv,23448.25,23500,232775,23600,134840,23700,128373,23000,167724,23300,163294,23400,160102,3082668.0,2596929.0,22527766.0,22449058.0
2026-06-05T11:31:20.965787,C:\Users\Vinit\OneDrive\Desktop\Trade_Auto\nifty_data_csv\nifty_20260605_113111.csv,23427.1,23500,241170,23600,145239,23700,133107,23000,166049,23300,155367,23400,153181,3170083.0,2549724.0,24367393.0,25038824.0
2026-06-05T11:46:22.229726,C:\Users\Vinit\OneDrive\Desktop\Trade_Auto\nifty_data_csv\nifty_20260605_114612.csv,23433.0,23500,246571,23600,148127,23700,129462,23000,168236,23300,158175,23400,155606,3198906.0,2562280.0,25967886.0,26750743.0
2026-06-05T12:01:23.475932,C:\Users\Vinit\OneDrive\Desktop\Trade_Auto\nifty_data_csv\nifty_20260605_120114.csv,23404.6,23500,251004,23600,153777,23700,133935,23000,172059,23300,161033,23400,160960,3252921.0,2580585.0,27120585.0,28153002.0
2026-06-05T12:16:27.747423,C:\Users\Vinit\OneDrive\Desktop\Trade_Auto\nifty_data_csv\nifty_20260605_121615.csv,23437.05,23500,244384,23600,151168,23700,130784,23000,175460,23400,165668,23300,162171,3239541.0,2588401.0,28407207.0,29532336.0
2026-06-05T12:31:20.247803,C:\Users\Vinit\OneDrive\Desktop\Trade_Auto\nifty_data_csv\nifty_20260605_123116.csv,23431.5,23500,238022,23600,150146,23700,127930,23000,177035,23400,176834,23300,166035,3229147.0,2639562.0,29580329.0,30646491.0
2026-06-05T12:46:22.213856,C:\Users\Vinit\OneDrive\Desktop\Trade_Auto\nifty_data_csv\nifty_20260605_124617.csv,23377.55,23500,250376,23600,155074,23700,151488,23000,170878,23400,156985,23300,156107,3374142.0,2541119.0,31472208.0,33327607.0
2026-06-05T13:01:23.571188,C:\Users\Vinit\OneDrive\Desktop\Trade_Auto\nifty_data_csv\nifty_20260605_130118.csv,23360.7,23500,268943,23400,170888,23600,163647,23000,178052,23300,154008,23400,139737,3557814.0,2486502.0,32814910.0,35289631.0
2026-06-05T13:16:26.377876,C:\Users\Vinit\OneDrive\Desktop\Trade_Auto\nifty_data_csv\nifty_20260605_131619.csv,23350.7,23500,282392,23400,183228,23700,165089,23000,176252,23300,153535,23400,131760,3649373.0,2454611.0,34207505.0,37474171.0
2026-06-05T13:31:32.115227,C:\Users\Vinit\OneDrive\Desktop\Trade_Auto\nifty_data_csv\nifty_20260605_133121.csv,23311.4,23500,290631,23400,195034,23600,162289,23000,175949,23300,149399,23400,118132,3707662.0,2430813.0,35940182.0,39765782.0
2026-06-05T13:46:23.839546,C:\Users\Vinit\OneDrive\Desktop\Trade_Auto\nifty_data_csv\nifty_20260605_134622.csv,23300.6,23500,297888,23400,202503,23600,163332,23000,165921,23300,145124,23400,107736,3791865.0,2379840.0,37696459.0,42278587.0
2026-06-05T14:01:25.593633,C:\Users\Vinit\OneDrive\Desktop\Trade_Auto\nifty_data_csv\nifty_20260605_140123.csv,23322.25,23500,302401,23400,207198,23600,174496,23000,177989,23300,152036,23200,104258,3884199.0,2417656.0,39035547.0,43965848.0
2026-06-05T14:16:27.554663,C:\Users\Vinit\OneDrive\Desktop\Trade_Auto\nifty_data_csv\nifty_20260605_141624.csv,23315.7,23500,293231,23400,200270,23600,168886,23000,175323,23300,169314,23200,110390,3834504.0,2467506.0,40199079.0,45242101.0
2026-06-05T14:31:29.141340,C:\Users\Vinit\OneDrive\Desktop\Trade_Auto\nifty_data_csv\nifty_20260605_143125.csv,23364.55,23500,294473,23400,199888,23600,168615,23000,168253,23300,160816,23200,102304,3832203.0,2415661.0,42062031.0,47215154.0
2026-06-05T14:46:30.867109,C:\Users\Vinit\OneDrive\Desktop\Trade_Auto\nifty_data_csv\nifty_20260605_144626.csv,23411.0,23500,256769,23400,158980,23700,152938,23300,153036,23000,151402,23400,100685,3564669.0,2344857.0,45682524.0,50350753.0
2026-06-05T15:01:32.802921,C:\Users\Vinit\OneDrive\Desktop\Trade_Auto\nifty_data_csv\nifty_20260605_150127.csv,23332.5,23500,225089,23600,142744,23400,139406,23300,151888,23000,149318,23400,107146,3269008.0,2340389.0,49914387.0,53762613.0
2026-06-05T15:16:34.378885,C:\Users\Vinit\OneDrive\Desktop\Trade_Auto\nifty_data_csv\nifty_20260605_151628.csv,23383.7,23500,215592,23700,142385,23600,138727,23000,150788,23300,148762,23400,102322,3266974.0,2279172.0,52502336.0,56329267.0
2026-06-05T15:31:36.133131,C:\Users\Vinit\OneDrive\Desktop\Trade_Auto\nifty_data_csv\nifty_20260605_153129.csv,23370.5,23500,159738,23700,129492,23600,107386,23000,142151,23300,114715,23400,88379,2963659.0,2067840.0,55266004.0,58544772.0
2026-06-08T09:21:14.657189,C:\Users\Vinit\OneDrive\Desktop\Trade_Auto\nifty_data_csv\nifty_20260608_092103.csv,23107.3,23500,213973,23400,135408,23600,119464,23000,186183,23100,122963,22900,112994,3371749.0,2328475.0,4582302.0,3453440.0
2026-06-08T10:36:34.858402,C:\Users\Vinit\OneDrive\Desktop\Trade_Auto\nifty_data_csv\nifty_20260608_103626.csv,23212.9,23500,272677,23400,187586,23300,181620,23000,254914,23100,248046,23200,191349,3788254.0,3105720.0,20714505.0,16859946.0
2026-06-08T10:38:00.850394,C:\Users\Vinit\OneDrive\Desktop\Trade_Auto\nifty_data_csv\nifty_20260608_103751.csv,23203.2,23500,274596,23400,187075,23300,178749,23100,256701,23000,255529,23200,206114,3762824.0,3151466.0,21051931.0,17099805.0
2026-06-08T10:43:01.659887,C:\Users\Vinit\OneDrive\Desktop\Trade_Auto\nifty_data_csv\nifty_20260608_104252.csv,23217.1,23500,276537,23400,187574,23300,182647,23100,263443,23000,260057,23200,217458,3759170.0,3198292.0,21863274.0,17741964.0
2026-06-08T10:48:02.642174,C:\Users\Vinit\OneDrive\Desktop\Trade_Auto\nifty_data_csv\nifty_20260608_104753.csv,23190.4,23500,272940,23400,185116,23300,174357,23100,262370,23000,259900,23200,223889,3711846.0,3205044.0,22674005.0,18548069.0
2026-06-08T10:53:03.591829,C:\Users\Vinit\OneDrive\Desktop\Trade_Auto\nifty_data_csv\nifty_20260608_105254.csv,23210.35,23500,275664,23400,190164,23300,184326,23000,262783,23100,259194,23200,220662,3792233.0,3217535.0,23411270.0,19131920.0
2026-06-08T10:58:04.661681,C:\Users\Vinit\OneDrive\Desktop\Trade_Auto\nifty_data_csv\nifty_20260608_105756.csv,23195.5,23500,275750,23400,191365,23300,184502,23100,267237,23000,263384,23200,226917,3779842.0,3243912.0,23691663.0,19407800.0
2026-06-08T11:03:05.778624,C:\Users\Vinit\OneDrive\Desktop\Trade_Auto\nifty_data_csv\nifty_20260608_110258.csv,23210.25,23500,274065,23400,190724,23300,185753,23100,268323,23000,266835,23200,237926,3741781.0,3265844.0,24640087.0,20270301.0
2026-06-08T11:08:07.148072,C:\Users\Vinit\OneDrive\Desktop\Trade_Auto\nifty_data_csv\nifty_20260608_110759.csv,23195.6,23500,276970,23400,191392,23300,186580,23100,268078,23000,266881,23200,241482,3756410.0,3278247.0,25189686.0,20760488.0
2026-06-08T11:13:08.282725,C:\Users\Vinit\OneDrive\Desktop\Trade_Auto\nifty_data_csv\nifty_20260608_111300.csv,23202.1,23500,279169,23400,194801,23300,189576,23000,269725,23100,268359,23200,238196,3781305.0,3271246.0,25558346.0,21168345.0
2026-06-08T11:18:09.470264,C:\Users\Vinit\OneDrive\Desktop\Trade_Auto\nifty_data_csv\nifty_20260608_111801.csv,23188.0,23500,279548,23400,194527,23300,190330,23100,271330,23000,269857,23200,244845,3790095.0,3294846.0,25908631.0,21572217.0
2026-06-08T11:23:10.635358,C:\Users\Vinit\OneDrive\Desktop\Trade_Auto\nifty_data_csv\nifty_20260608_112302.csv,23191.45,23500,278595,23400,190843,23300,189808,23000,276435,23100,267364,23200,241361,3774334.0,3292400.0,26613498.0,22301684.0
2026-06-08T11:28:11.858312,C:\Users\Vinit\OneDrive\Desktop\Trade_Auto\nifty_data_csv\nifty_20260608_112803.csv,23185.55,23500,275711,23400,199480,23300,192745,23000,273700,23100,264141,23200,241854,3777584.0,3284880.0,27189615.0,22913916.0
2026-06-08T11:33:13.263742,C:\Users\Vinit\OneDrive\Desktop\Trade_Auto\nifty_data_csv\nifty_20260608_113304.csv,23197.85,23500,275409,23400,199941,23300,193025,23000,276645,23100,268917,23200,242535,3781019.0,3297140.0,27638620.0,23444282.0
2026-06-08T11:38:14.909919,C:\Users\Vinit\OneDrive\Desktop\Trade_Auto\nifty_data_csv\nifty_20260608_113805.csv,23198.75,23500,276609,23400,200708,23300,195541,23000,276541,23100,268037,23200,244217,3795019.0,3297479.0,28098896.0,23861992.0
2026-06-08T11:43:16.368202,C:\Users\Vinit\OneDrive\Desktop\Trade_Auto\nifty_data_csv\nifty_20260608_114307.csv,23204.05,23500,273371,23400,198656,23300,194507,23000,277269,23100,274221,23200,248370,3775637.0,3316300.0,28613529.0,24272146.0
2026-06-08T11:48:18.485774,C:\Users\Vinit\OneDrive\Desktop\Trade_Auto\nifty_data_csv\nifty_20260608_114809.csv,23210.1,23500,272958,23400,197752,23300,195338,23000,280329,23100,278822,23200,255192,3772892.0,3350057.0,29092361.0,24683082.0
2026-06-08T11:53:19.397713,C:\Users\Vinit\OneDrive\Desktop\Trade_Auto\nifty_data_csv\nifty_20260608_115309.csv,23208.9,23500,273792,23400,198225,23300,194168,23000,285503,23100,280857,23200,266385,3769939.0,3392903.0,29628372.0,25132453.0
2026-06-08T11:58:20.477235,C:\Users\Vinit\OneDrive\Desktop\Trade_Auto\nifty_data_csv\nifty_20260608_115811.csv,23209.55,23500,273146,23400,197728,23300,193905,23000,287036,23100,282641,23200,271477,3760340.0,3409343.0,29986131.0,25449495.0
2026-06-08T12:03:21.675815,C:\Users\Vinit\OneDrive\Desktop\Trade_Auto\nifty_data_csv\nifty_20260608_120311.csv,23200.65,23500,273266,23400,197387,23300,192946,23000,288971,23100,281653,23200,277434,3747498.0,3425081.0,30395269.0,25815260.0
2026-06-08T12:08:22.501311,C:\Users\Vinit\OneDrive\Desktop\Trade_Auto\nifty_data_csv\nifty_20260608_120812.csv,23206.3,23500,275250,23400,198234,23300,194993,23000,288989,23100,279605,23200,276477,3756681.0,3425179.0,30861566.0,26225801.0
2026-06-08T12:13:23.324995,C:\Users\Vinit\OneDrive\Desktop\Trade_Auto\nifty_data_csv\nifty_20260608_121313.csv,23216.3,23500,273467,23400,197401,23300,194125,23000,290212,23100,283398,23200,277481,3754077.0,3429163.0,31295631.0,26696773.0
2026-06-08T12:18:24.208440,C:\Users\Vinit\OneDrive\Desktop\Trade_Auto\nifty_data_csv\nifty_20260608_121814.csv,23212.2,23500,274524,23400,198700,23300,194339,23100,296869,23000,289089,23200,285632,3743492.0,3450324.0,32130948.0,27548827.0
2026-06-08T12:23:25.083714,C:\Users\Vinit\OneDrive\Desktop\Trade_Auto\nifty_data_csv\nifty_20260608_122314.csv,23220.0,23500,275528,23400,200496,23300,196094,23100,298134,23200,292838,23000,292220,3748977.0,3476106.0,32634538.0,27997905.0
2026-06-08T12:28:25.873871,C:\Users\Vinit\OneDrive\Desktop\Trade_Auto\nifty_data_csv\nifty_20260608_122816.csv,23218.55,23500,273155,23400,197535,23300,192791,23200,298890,23100,297910,23000,294186,3723184.0,3479606.0,33160846.0,28426292.0
2026-06-08T12:33:28.958034,C:\Users\Vinit\OneDrive\Desktop\Trade_Auto\nifty_data_csv\nifty_20260608_123317.csv,23218.55,23500,277405,23400,199419,23300,192792,23200,304675,23100,301153,23000,297019,3711543.0,3508299.0,33698495.0,28775853.0
2026-06-08T12:38:24.418776,C:\Users\Vinit\OneDrive\Desktop\Trade_Auto\nifty_data_csv\nifty_20260608_123818.csv,23222.65,23500,277648,23400,199429,23300,193141,23200,307567,23100,300164,23000,295650,3705417.0,3515908.0,34196452.0,29262134.0
2026-06-08T13:54:59.949565,C:\Users\Vinit\OneDrive\Desktop\Trade_Auto\nifty_data_csv\nifty_20260608_135452.csv,23166.25,23500,273208,23200,213419,23300,212793,23000,287578,23200,250369,23100,248409,3755189.0,3262847.0,46968305.0,42016458.0
2026-06-08T14:00:00.865785,C:\Users\Vinit\OneDrive\Desktop\Trade_Auto\nifty_data_csv\nifty_20260608_135953.csv,23166.1,23500,278672,23200,222633,23300,217585,23000,290137,23100,246581,23200,244377,3786193.0,3249577.0,47574635.0,42714517.0
2026-06-08T14:24:08.028930,C:\Users\Vinit\OneDrive\Desktop\Trade_Auto\nifty_data_csv\nifty_20260608_142403.csv,23156.25,23500,282210,23200,251964,23300,218577,23000,284190,23100,238793,23200,218716,3868737.0,3153234.0,51200205.0,47043789.0
2026-06-08T14:29:08.787284,C:\Users\Vinit\OneDrive\Desktop\Trade_Auto\nifty_data_csv\nifty_20260608_142904.csv,23151.55,23500,280916,23200,255882,23300,219665,23000,288075,23100,239532,23200,219363,3893797.0,3160664.0,51783693.0,47621588.0
2026-06-08T14:34:09.552988,C:\Users\Vinit\OneDrive\Desktop\Trade_Auto\nifty_data_csv\nifty_20260608_143404.csv,23162.25,23500,277654,23200,257704,23300,218972,23000,286450,23100,238219,23200,214250,3877396.0,3132001.0,52396284.0,48340948.0
2026-06-08T14:39:10.350590,C:\Users\Vinit\OneDrive\Desktop\Trade_Auto\nifty_data_csv\nifty_20260608_143909.csv,23157.25,23500,281325,23200,264719,23300,222129,23000,286218,23100,236012,23200,212366,3896820.0,3113548.0,52953555.0,48919039.0
2026-06-08T14:44:11.205851,C:\Users\Vinit\OneDrive\Desktop\Trade_Auto\nifty_data_csv\nifty_20260608_144410.csv,23155.0,23500,279030,23200,261433,23300,219212,23000,288971,23100,236480,23200,212812,3854293.0,3119259.0,53370030.0,49304621.0
2026-06-08T14:49:12.053388,C:\Users\Vinit\OneDrive\Desktop\Trade_Auto\nifty_data_csv\nifty_20260608_144910.csv,23180.85,23500,285400,23200,251623,23300,218156,23000,269916,23100,224252,23200,201451,3801559.0,3005710.0,54842581.0,50983493.0
2026-06-08T14:54:12.819610,C:\Users\Vinit\OneDrive\Desktop\Trade_Auto\nifty_data_csv\nifty_20260608_145411.csv,23170.05,23500,285411,23200,243074,23300,216737,23000,275977,23100,229813,23200,213758,3776331.0,3039930.0,55469707.0,51560578.0
2026-06-08T14:59:13.585905,C:\Users\Vinit\OneDrive\Desktop\Trade_Auto\nifty_data_csv\nifty_20260608_145912.csv,23167.25,23500,273410,23200,232986,23300,210744,23000,280959,23100,231836,23200,214645,3679464.0,3036218.0,56523449.0,52519572.0
2026-06-08T15:04:14.332541,C:\Users\Vinit\OneDrive\Desktop\Trade_Auto\nifty_data_csv\nifty_20260608_150412.csv,23127.8,23500,261380,23200,215791,23300,203168,23000,268879,23100,221193,23200,187048,3593227.0,2903878.0,58905498.0,55260943.0
2026-06-08T15:07:57.019093,C:\Users\Vinit\OneDrive\Desktop\Trade_Auto\nifty_data_csv\nifty_20260608_150748.csv,23129.95,23500,258711,23200,210499,23300,197009,23000,232264,23100,189347,23200,133554,3587329.0,2655473.0,60615826.0,57554948.0
2026-06-08T15:12:57.858044,C:\Users\Vinit\OneDrive\Desktop\Trade_Auto\nifty_data_csv\nifty_20260608_151248.csv,23127.15,23500,249851,23200,206700,23300,196778,23000,223556,23100,186506,23200,126198,3587626.0,2575442.0,62169945.0,59023971.0
2026-06-08T15:52:34.672124,C:\Users\Vinit\OneDrive\Desktop\Trade_Auto\nifty_data_csv\nifty_20260608_155226.csv,23123.0,23500,231189,23300,154909,23400,153820,23000,161216,23100,106170,22800,102263,3236795.0,2090490.0,67366761.0,63197650.0
2026-06-08T16:37:35.122584,C:\Users\Vinit\OneDrive\Desktop\AlgoTrades\OI_DASH_V1\nifty_data_csv\nifty_20260608_163726.csv,23123.0,23500,231189,23300,154909,23400,153820,23000,161216,23100,106170,22800,102263,3236795.0,2090490.0,67366761.0,63197650.0
2026-06-08T17:44:50.377894,C:\Users\Vinit\OneDrive\Desktop\AlgoTrades\OI_DASH_V1\nifty_data_csv\nifty_20260608_174441.csv,23123.0,23500,231189,23300,154909,23400,153820,23000,161216,23100,106170,22800,102263,3236795.0,2090490.0,67366761.0,63197650.0
2026-06-08T17:46:59.169040,C:\Users\Vinit\OneDrive\Desktop\AlgoTrades\OI_DASH_V1\nifty_data_csv\nifty_20260608_174649.csv,23123.0,23500,231189,23300,154909,23400,153820,23000,161216,23100,106170,22800,102263,3236795.0,2090490.0,67366761.0,63197650.0
2026-06-08T17:52:00.001865,C:\Users\Vinit\OneDrive\Desktop\AlgoTrades\OI_DASH_V1\nifty_data_csv\nifty_20260608_175150.csv,23123.0,23500,231189,23300,154909,23400,153820,23000,161216,23100,106170,22800,102263,3236795.0,2090490.0,67366761.0,63197650.0
2026-06-08T17:55:24.143359,C:\Users\Vinit\OneDrive\Desktop\AlgoTrades\OI_DASH_V1\nifty_data_csv\nifty_20260608_175514.csv,23123.0,23500,231189,23300,154909,23400,153820,23000,161216,23100,106170,22800,102263,3236795.0,2090490.0,67366761.0,63197650.0
2026-06-08T18:00:00.041549,C:\Users\Vinit\OneDrive\Desktop\AlgoTrades\OI_DASH_V1\nifty_data_csv\nifty_20260608_175950.csv,23123.0,23500,231189,23300,154909,23400,153820,23000,161216,23100,106170,22800,102263,3236795.0,2090490.0,67366761.0,63197650.0
2026-06-08T18:05:00.874871,C:\Users\Vinit\OneDrive\Desktop\AlgoTrades\OI_DASH_V1\nifty_data_csv\nifty_20260608_180451.csv,23123.0,23500,231189,23300,154909,23400,153820,23000,161216,23100,106170,22800,102263,3236795.0,2090490.0,67366761.0,63197650.0
2026-06-08T18:10:01.734994,C:\Users\Vinit\OneDrive\Desktop\AlgoTrades\OI_DASH_V1\nifty_data_csv\nifty_20260608_180952.csv,23123.0,23500,231189,23300,154909,23400,153820,23000,161216,23100,106170,22800,102263,3236795.0,2090490.0,67366761.0,63197650.0
2026-06-08T18:12:35.975681,C:\Users\Vinit\OneDrive\Desktop\AlgoTrades\OI_DASH_V1\nifty_data_csv\nifty_20260608_181226.csv,23123.0,23500,231189,23300,154909,23400,153820,23000,161216,23100,106170,22800,102263,3236795.0,2090490.0,67366761.0,63197650.0
2026-06-08T18:17:36.752982,C:\Users\Vinit\OneDrive\Desktop\AlgoTrades\OI_DASH_V1\nifty_data_csv\nifty_20260608_181727.csv,23123.0,23500,231189,23300,154909,23400,153820,23000,161216,23100,106170,22800,102263,3236795.0,2090490.0,67366761.0,63197650.0
2026-06-08T18:19:40.028081,C:\Users\Vinit\OneDrive\Desktop\AlgoTrades\OI_DASH_V1\nifty_data_csv\nifty_20260608_181931.csv,23123.0,23500,231189,23300,154909,23400,153820,23000,161216,23100,106170,22800,102263,3236795.0,2090490.0,67366761.0,63197650.0
2026-06-08T18:24:40.866981,C:\Users\Vinit\OneDrive\Desktop\AlgoTrades\OI_DASH_V1\nifty_data_csv\nifty_20260608_182431.csv,23123.0,23500,231189,23300,154909,23400,153820,23000,161216,23100,106170,22800,102263,3236795.0,2090490.0,67366761.0,63197650.0
2026-06-08T18:27:46.883993,C:\Users\Vinit\OneDrive\Desktop\AlgoTrades\OI_DASH_V1\nifty_data_csv\nifty_20260608_182737.csv,23123.0,23500,231189,23300,154909,23400,153820,23000,161216,23100,106170,22800,102263,3236795.0,2090490.0,67366761.0,63197650.0
2026-06-08T18:46:36.991531,C:\Users\Vinit\OneDrive\Desktop\AlgoTrades\OI_DASH_V1\nifty_data_csv\nifty_20260608_184627.csv,23123.0,23500,231189,23300,154909,23400,153820,23000,161216,23100,106170,22800,102263,3236795.0,2090490.0,67366761.0,63197650.0
2026-06-08T18:51:37.775315,C:\Users\Vinit\OneDrive\Desktop\AlgoTrades\OI_DASH_V1\nifty_data_csv\nifty_20260608_185128.csv,23123.0,23500,231189,23300,154909,23400,153820,23000,161216,23100,106170,22800,102263,3236795.0,2090490.0,67366761.0,63197650.0
2026-06-08T18:56:38.846470,C:\Users\Vinit\OneDrive\Desktop\AlgoTrades\OI_DASH_V1\nifty_data_csv\nifty_20260608_185629.csv,23123.0,23500,231189,23300,154909,23400,153820,23000,161216,23100,106170,22800,102263,3236795.0,2090490.0,67366761.0,63197650.0
2026-06-08T18:59:09.075589,C:\Users\Vinit\OneDrive\Desktop\AlgoTrades\OI_DASH_V1\nifty_data_csv\nifty_20260608_185900.csv,23123.0,23500,231189,23300,154909,23400,153820,23000,161216,23100,106170,22800,102263,3236795.0,2090490.0,67366761.0,63197650.0
2026-06-08T19:04:12.862082,C:\Users\Vinit\OneDrive\Desktop\AlgoTrades\OI_DASH_V1\nifty_data_csv\nifty_20260608_190401.csv,23123.0,23500,231189,23300,154909,23400,153820,23000,161216,23100,106170,22800,102263,3236795.0,2090490.0,67366761.0,63197650.0
2026-06-08T21:33:05.095458,C:\Users\Vinit\OneDrive\Desktop\AlgoTrades\OI_DASH_V1\nifty_data_csv\nifty_20260608_213257.csv,23123.0,23500,222360,23300,150095,23400,149497,23000,152728,23100,103986,22800,101596,3171292.0,2025205.0,67366761.0,63197650.0
2026-06-08T21:34:10.264600,C:\Users\Vinit\OneDrive\Desktop\AlgoTrades\OI_DASH_V1\nifty_data_csv\nifty_20260608_213400.csv,23123.0,23500,222360,23300,150095,23400,149497,23000,152728,23100,103986,22800,101596,3171292.0,2025205.0,67366761.0,63197650.0
2026-06-08T21:35:41.864431,C:\Users\Vinit\OneDrive\Desktop\AlgoTrades\OI_DASH_V1\nifty_data_csv\nifty_20260608_213532.csv,23123.0,23500,222360,23300,150095,23400,149497,23000,152728,23100,103986,22800,101596,3171292.0,2025205.0,67366761.0,63197650.0
2026-06-08T21:40:42.704934,C:\Users\Vinit\OneDrive\Desktop\AlgoTrades\OI_DASH_V1\nifty_data_csv\nifty_20260608_214033.csv,23123.0,23500,222360,23300,150095,23400,149497,23000,152728,23100,103986,22800,101596,3171292.0,2025205.0,67366761.0,63197650.0
2026-06-08T21:45:43.683600,C:\Users\Vinit\OneDrive\Desktop\AlgoTrades\OI_DASH_V1\nifty_data_csv\nifty_20260608_214534.csv,23123.0,23500,222360,23300,150095,23400,149497,23000,152728,23100,103986,22800,101596,3171292.0,2025205.0,67366761.0,63197650.0
2026-06-08T21:50:44.809029,C:\Users\Vinit\OneDrive\Desktop\AlgoTrades\OI_DASH_V1\nifty_data_csv\nifty_20260608_215034.csv,23123.0,23500,222360,23300,150095,23400,149497,23000,152728,23100,103986,22800,101596,3171292.0,2025205.0,67366761.0,63197650.0
2026-06-08T21:51:46.792572,C:\Users\Vinit\OneDrive\Desktop\AlgoTrades\OI_DASH_V1\nifty_data_csv\nifty_20260608_215137.csv,23123.0,23500,222360,23300,150095,23400,149497,23000,152728,23100,103986,22800,101596,3171292.0,2025205.0,67366761.0,63197650.0
2026-06-08T21:53:03.469499,C:\Users\Vinit\OneDrive\Desktop\AlgoTrades\OI_DASH_V1\nifty_data_csv\nifty_20260608_215253.csv,23123.0,23500,222360,23300,150095,23400,149497,23000,152728,23100,103986,22800,101596,3171292.0,2025205.0,67366761.0,63197650.0
2026-06-08T21:54:58.925484,C:\Users\Vinit\OneDrive\Desktop\AlgoTrades\OI_DASH_V1\nifty_data_csv\nifty_20260608_215449.csv,23123.0,23500,222360,23300,150095,23400,149497,23000,152728,23100,103986,22800,101596,3171292.0,2025205.0,67366761.0,63197650.0
2026-06-08T21:55:59.380368,C:\Users\Vinit\OneDrive\Desktop\AlgoTrades\OI_DASH_V1\nifty_data_csv\nifty_20260608_215550.csv,23123.0,23500,222360,23300,150095,23400,149497,23000,152728,23100,103986,22800,101596,3171292.0,2025205.0,67366761.0,63197650.0
2026-06-08T21:57:25.987188,C:\Users\Vinit\OneDrive\Desktop\AlgoTrades\OI_DASH_V1\nifty_data_csv\nifty_20260608_215716.csv,23123.0,23500,222360,23300,150095,23400,149497,23000,152728,23100,103986,22800,101596,3171292.0,2025205.0,67366761.0,63197650.0
2026-06-08T21:58:52.671090,C:\Users\Vinit\OneDrive\Desktop\AlgoTrades\OI_DASH_V1\nifty_data_csv\nifty_20260608_215843.csv,23123.0,23500,222360,23300,150095,23400,149497,23000,152728,23100,103986,22800,101596,3171292.0,2025205.0,67366761.0,63197650.0
2026-06-08T22:03:49.077510,C:\Users\Vinit\OneDrive\Desktop\AlgoTrades\OI_DASH_V1\nifty_data_csv\nifty_20260608_220344.csv,23123.0,23500,222360,23300,150095,23400,149497,23000,152728,23100,103986,22800,101596,3171292.0,2025205.0,67366761.0,63197650.0
2026-06-08T22:03:59.962646,C:\Users\Vinit\OneDrive\Desktop\AlgoTrades\OI_DASH_V1\nifty_data_csv\nifty_20260608_220349.csv,23123.0,23500,222360,23300,150095,23400,149497,23000,152728,23100,103986,22800,101596,3171292.0,2025205.0,67366761.0,63197650.0
2026-06-08T22:04:56.458242,C:\Users\Vinit\OneDrive\Desktop\AlgoTrades\OI_DASH_V1\nifty_data_csv\nifty_20260608_220447.csv,23123.0,23500,222360,23300,150095,23400,149497,23000,152728,23100,103986,22800,101596,3171292.0,2025205.0,67366761.0,63197650.0
2026-06-08T22:09:55.453395,C:\Users\Vinit\OneDrive\Desktop\AlgoTrades\OI_DASH_V1\nifty_data_csv\nifty_20260608_220946.csv,23123.0,23500,222360,23300,150095,23400,149497,23000,152728,23100,103986,22800,101596,3171292.0,2025205.0,67366761.0,63197650.0
2026-06-08T22:14:17.001050,C:\Users\Vinit\OneDrive\Desktop\AlgoTrades\OI_DASH_V1\nifty_data_csv\nifty_20260608_221407.csv,23123.0,23500,222360,23300,150095,23400,149497,23000,152728,23100,103986,22800,101596,3171292.0,2025205.0,67366761.0,63197650.0
2026-06-08T22:19:18.204424,C:\Users\Vinit\OneDrive\Desktop\AlgoTrades\OI_DASH_V1\nifty_data_csv\nifty_20260608_221908.csv,23123.0,23500,222360,23300,150095,23400,149497,23000,152728,23100,103986,22800,101596,3171292.0,2025205.0,67366761.0,63197650.0
2026-06-08T22:22:08.579715,C:\Users\Vinit\OneDrive\Desktop\AlgoTrades\OI_DASH_V1\nifty_data_csv\nifty_20260608_222159.csv,23123.0,23500,222360,23300,150095,23400,149497,23000,152728,23100,103986,22800,101596,3171292.0,2025205.0,67366761.0,63197650.0
2026-06-08T22:22:57.217120,C:\Users\Vinit\OneDrive\Desktop\AlgoTrades\OI_DASH_V1\nifty_data_csv\nifty_20260608_222248.csv,23123.0,23500,222360,23300,150095,23400,149497,23000,152728,23100,103986,22800,101596,3171292.0,2025205.0,67366761.0,63197650.0
2026-06-08T22:24:33.140659,C:\Users\Vinit\OneDrive\Desktop\AlgoTrades\OI_DASH_V1\nifty_data_csv\nifty_20260608_222424.csv,23123.0,23500,222360,23300,150095,23400,149497,23000,152728,23100,103986,22800,101596,3171292.0,2025205.0,67366761.0,63197650.0
2026-06-09T09:21:17.858837,C:\Users\Vinit\OneDrive\Desktop\AlgoTrades\OI_DASH_V1\nifty_data_csv\nifty_20260609_092104.csv,23242.2,23300,273114,23500,267794,23250,213909,23200,247497,23000,239404,23100,189527,3673211.0,2787251.0,5359284.0,4951610.0
2026-06-09T09:26:08.858537,C:\Users\Vinit\OneDrive\Desktop\AlgoTrades\OI_DASH_V1\nifty_data_csv\nifty_20260609_092605.csv,23238.0,23300,337580,23250,305474,23500,290083,23200,376683,23000,277362,23100,238187,4044882.0,3286007.0,8852598.0,8274542.0
2026-06-09T09:31:09.717511,C:\Users\Vinit\OneDrive\Desktop\AlgoTrades\OI_DASH_V1\nifty_data_csv\nifty_20260609_093105.csv,23232.25,23300,377415,23250,355836,23500,299293,23200,423919,23000,297008,23100,261764,4305077.0,3505477.0,10786357.0,10307972.0
2026-06-09T09:36:10.629656,C:\Users\Vinit\OneDrive\Desktop\AlgoTrades\OI_DASH_V1\nifty_data_csv\nifty_20260609_093606.csv,23236.2,23300,392049,23250,364151,23500,302153,23200,481538,23000,309902,23100,274101,4359857.0,3770918.0,13593719.0,12844559.0
2026-06-09T09:41:11.633435,C:\Users\Vinit\OneDrive\Desktop\AlgoTrades\OI_DASH_V1\nifty_data_csv\nifty_20260609_094107.csv,23207.2,23250,435395,23300,433401,23500,312862,23200,462205,23000,324608,23100,286941,4632685.0,3814328.0,16045661.0,15292466.0
2026-06-09T09:46:12.655005,C:\Users\Vinit\OneDrive\Desktop\AlgoTrades\OI_DASH_V1\nifty_data_csv\nifty_20260609_094608.csv,23200.75,23250,477842,23300,474203,23200,357953,23200,452195,23000,338479,23100,297950,4891732.0,3865024.0,17929056.0,17586962.0
2026-06-09T09:51:13.695320,C:\Users\Vinit\OneDrive\Desktop\AlgoTrades\OI_DASH_V1\nifty_data_csv\nifty_20260609_095109.csv,23188.2,23250,496759,23300,494230,23200,396332,23200,434982,23000,341513,23100,306360,5064173.0,3845487.0,20567429.0,20993593.0
2026-06-09T09:56:14.810306,C:\Users\Vinit\OneDrive\Desktop\AlgoTrades\OI_DASH_V1\nifty_data_csv\nifty_20260609_095609.csv,23207.5,23300,501647,23250,499286,23200,414177,23200,392387,23000,330897,23100,311390,5112892.0,3744056.0,22680245.0,23642884.0
2026-06-09T10:01:15.948485,C:\Users\Vinit\OneDrive\Desktop\AlgoTrades\OI_DASH_V1\nifty_data_csv\nifty_20260609_100110.csv,23188.2,23250,527368,23300,521286,23200,437638,23200,387079,23000,348907,23100,318585,5230205.0,3783727.0,24808779.0,26322988.0
2026-06-09T10:06:17.074650,C:\Users\Vinit\OneDrive\Desktop\AlgoTrades\OI_DASH_V1\nifty_data_csv\nifty_20260609_100611.csv,23175.4,23250,536953,23300,529701,23200,478146,23200,356336,23000,342640,23100,315852,5392654.0,3703365.0,26796107.0,28969055.0
2026-06-09T10:11:18.550572,C:\Users\Vinit\OneDrive\Desktop\AlgoTrades\OI_DASH_V1\nifty_data_csv\nifty_20260609_101111.csv,23164.95,23250,545752,23300,543933,23200,533661,23000,342761,23200,335088,23100,317485,5583553.0,3670537.0,28848218.0,31684929.0
2026-06-09T10:16:19.713881,C:\Users\Vinit\OneDrive\Desktop\AlgoTrades\OI_DASH_V1\nifty_data_csv\nifty_20260609_101612.csv,23164.35,23200,574979,23250,555388,23300,554870,23000,350137,23100,328287,23200,319480,5743953.0,3701938.0,29934547.0,33052572.0
2026-06-09T10:21:20.873469,C:\Users\Vinit\OneDrive\Desktop\AlgoTrades\OI_DASH_V1\nifty_data_csv\nifty_20260609_102112.csv,23163.05,23200,603687,23250,574845,23300,564308,23000,353497,23100,334065,23200,315170,5887954.0,3718707.0,31374916.0,34952214.0
2026-06-09T10:26:21.975213,C:\Users\Vinit\OneDrive\Desktop\AlgoTrades\OI_DASH_V1\nifty_data_csv\nifty_20260609_102613.csv,23157.6,23200,626232,23250,560381,23300,558624,23000,345149,23100,314193,23200,273254,5983782.0,3600757.0,33164852.0,37485053.0
2026-06-09T10:31:23.015962,C:\Users\Vinit\OneDrive\Desktop\AlgoTrades\OI_DASH_V1\nifty_data_csv\nifty_20260609_103114.csv,23165.75,23200,652631,23250,570176,23300,564121,23000,359197,23100,321249,23200,270956,6103830.0,3676855.0,34586766.0,39462532.0
2026-06-09T10:36:24.159323,C:\Users\Vinit\OneDrive\Desktop\AlgoTrades\OI_DASH_V1\nifty_data_csv\nifty_20260609_103615.csv,23154.0,23200,663480,23250,578993,23300,566728,23000,367991,23100,341081,23150,285740,6173530.0,3779211.0,35728493.0,40826724.0
2026-06-09T10:41:31.363284,C:\Users\Vinit\OneDrive\Desktop\AlgoTrades\OI_DASH_V1\nifty_data_csv\nifty_20260609_104115.csv,23148.7,23200,690368,23250,583080,23300,563000,23000,376137,23100,353886,23150,287452,6265879.0,3788156.0,36874129.0,42219654.0
2026-06-09T10:46:22.691300,C:\Users\Vinit\OneDrive\Desktop\AlgoTrades\OI_DASH_V1\nifty_data_csv\nifty_20260609_104616.csv,23158.15,23200,696548,23250,586100,23300,564064,23000,380072,23100,357724,23150,288827,6306793.0,3800326.0,37361457.0,42926337.0
2026-06-09T10:51:23.956453,C:\Users\Vinit\OneDrive\Desktop\AlgoTrades\OI_DASH_V1\nifty_data_csv\nifty_20260609_105117.csv,23134.55,23200,709422,23250,590513,23300,566520,23000,387631,23100,384835,23150,316155,6359680.0,3897237.0,39749185.0,46013915.0
2026-06-09T10:52:27.712306,C:\Users\Vinit\OneDrive\Desktop\AlgoTrades\OI_DASH_V1\nifty_data_csv\nifty_20260609_105218.csv,23130.95,23200,698260,23250,587972,23300,554625,23000,360144,23100,341012,23150,253593,6347686.0,3652841.0,40388011.0,46737604.0
2026-06-09T10:57:47.611217,C:\Users\Vinit\OneDrive\Desktop\AlgoTrades\OI_DASH_V1\nifty_data_csv\nifty_20260609_105738.csv,23150.35,23200,712167,23250,574672,23300,565959,23000,390338,23100,365970,23150,267904,6353443.0,3744735.0,43371699.0,49872811.0
2026-06-09T11:02:48.609631,C:\Users\Vinit\OneDrive\Desktop\AlgoTrades\OI_DASH_V1\nifty_data_csv\nifty_20260609_110238.csv,23153.05,23200,723276,23250,585211,23300,575003,23000,402148,23100,385912,23150,297911,6401245.0,3855473.0,44390608.0,50990979.0
2026-06-09T11:07:49.313179,C:\Users\Vinit\OneDrive\Desktop\AlgoTrades\OI_DASH_V1\nifty_data_csv\nifty_20260609_110739.csv,23160.45,23200,726955,23250,587391,23300,569513,23000,406922,23100,392739,23150,309512,6409341.0,3921803.0,45452975.0,52201560.0
2026-06-09T11:08:20.379492,C:\Users\Vinit\OneDrive\Desktop\AlgoTrades\OI_DASH_V1\nifty_data_csv\nifty_20260609_110811.csv,23157.55,23200,732746,23250,583325,23300,568461,23000,407958,23100,394440,23150,316329,6419088.0,3940669.0,45576824.0,52360963.0
2026-06-09T11:18:21.435134,C:\Users\Vinit\OneDrive\Desktop\AlgoTrades\OI_DASH_V1\nifty_data_csv\nifty_20260609_111812.csv,23143.0,23200,738471,23250,585814,23300,574799,23000,416148,23100,412692,23150,316302,6470264.0,3997831.0,47805604.0,54996490.0
2026-06-09T11:23:22.417279,C:\Users\Vinit\OneDrive\Desktop\AlgoTrades\OI_DASH_V1\nifty_data_csv\nifty_20260609_112313.csv,23136.65,23200,753995,23250,587110,23300,576608,23100,412925,23000,412758,23150,318490,6520565.0,4009141.0,49190239.0,56733078.0
2026-06-09T12:12:48.371974,C:\Users\Vinit\OneDrive\Desktop\AlgoTrades\OI_DASH_V1\nifty_data_csv\nifty_20260609_121247.csv,23182.1,23200,678611,23300,581779,23250,513125,23100,490547,23150,413059,23000,404303,6037854.0,4275423.0,74606704.0,78687858.0
2026-06-09T12:17:49.088546,C:\Users\Vinit\OneDrive\Desktop\AlgoTrades\OI_DASH_V1\nifty_data_csv\nifty_20260609_121747.csv,23193.6,23200,692725,23300,589646,23250,530573,23100,495941,23150,423726,23000,401480,6087676.0,4295585.0,75927002.0,79879634.0
2026-06-09T12:22:49.975383,C:\Users\Vinit\OneDrive\Desktop\AlgoTrades\OI_DASH_V1\nifty_data_csv\nifty_20260609_122248.csv,23201.55,23200,682194,23300,595255,23250,535176,23100,495576,23150,445987,23000,395720,6070010.0,4342689.0,77823111.0,81475206.0
2026-06-09T12:27:50.685785,C:\Users\Vinit\OneDrive\Desktop\AlgoTrades\OI_DASH_V1\nifty_data_csv\nifty_20260609_122749.csv,23198.6,23200,651636,23300,603556,23250,541760,23100,496760,23150,456447,23200,413324,5987263.0,4388820.0,80006102.0,83350295.0
2026-06-09T12:32:51.372356,C:\Users\Vinit\OneDrive\Desktop\AlgoTrades\OI_DASH_V1\nifty_data_csv\nifty_20260609_123250.csv,23212.25,23200,640264,23300,615056,23250,556505,23100,498473,23150,460795,23200,449041,5993488.0,4442144.0,82091718.0,85079335.0
2026-06-09T12:38:02.033517,C:\Users\Vinit\OneDrive\Desktop\AlgoTrades\OI_DASH_V1\nifty_data_csv\nifty_20260609_123751.csv,23218.3,23300,602911,23200,550438,23250,513359,23200,508309,23150,471909,23100,471030,5732460.0,4493547.0,85650612.0,87638281.0
2026-06-09T12:43:02.676641,C:\Users\Vinit\OneDrive\Desktop\AlgoTrades\OI_DASH_V1\nifty_data_csv\nifty_20260609_124252.csv,23219.4,23300,616644,23200,552303,23250,538434,23200,545430,23150,490678,23100,477479,5732125.0,4568472.0,87738726.0,89292321.0
2026-06-09T12:48:03.326951,C:\Users\Vinit\OneDrive\Desktop\AlgoTrades\OI_DASH_V1\nifty_data_csv\nifty_20260609_124753.csv,23204.45,23300,603525,23200,552354,23250,539701,23200,535505,23150,489890,23100,481647,5697853.0,4551984.0,90527478.0,91530616.0
2026-06-09T12:53:03.972132,C:\Users\Vinit\OneDrive\Desktop\AlgoTrades\OI_DASH_V1\nifty_data_csv\nifty_20260609_125257.csv,23200.05,23300,595451,23200,559250,23250,554274,23200,557717,23100,505733,23150,501271,5693703.0,4589392.0,92842439.0,93581150.0
2026-06-09T12:58:04.598707,C:\Users\Vinit\OneDrive\Desktop\AlgoTrades\OI_DASH_V1\nifty_data_csv\nifty_20260609_125758.csv,23188.7,23300,608473,23200,593648,23250,569611,23200,541523,23150,512979,23100,511983,5757563.0,4562432.0,95023391.0,95338915.0
2026-06-09T13:03:05.232332,C:\Users\Vinit\OneDrive\Desktop\AlgoTrades\OI_DASH_V1\nifty_data_csv\nifty_20260609_130300.csv,23198.55,23200,672700,23300,598088,23250,579887,23100,520449,23150,499380,23200,486616,5833085.0,4462500.0,98216347.0,98645031.0
2026-06-09T13:07:20.410436,C:\Users\Vinit\OneDrive\Desktop\AlgoTrades\OI_DASH_V1\nifty_data_csv\nifty_20260609_130710.csv,23195.9,23200,679649,23300,606985,23250,585544,23100,522059,23150,508286,23200,491670,5857709.0,4493941.0,99144449.0,99489091.0
2026-06-09T13:09:29.121697,C:\Users\Vinit\OneDrive\Desktop\AlgoTrades\OI_DASH_V1\nifty_data_csv\nifty_20260609_130919.csv,23195.35,23200,676364,23300,612188,23250,590634,23150,522312,23100,522116,23200,515333,5833425.0,4488562.0,100978290.0,101325028.0
2026-06-09T13:34:30.636921,C:\Users\Vinit\OneDrive\Desktop\AlgoTrades\OI_DASH_V1\nifty_data_csv\nifty_20260609_133428.csv,23191.0,23200,656447,23300,611317,23250,610652,23150,558412,23200,551407,23100,541085,5780929.0,4525668.0,113220893.0,111595055.0
2026-06-09T13:59:32.804976,C:\Users\Vinit\OneDrive\Desktop\AlgoTrades\OI_DASH_V1\nifty_data_csv\nifty_20260609_135928.csv,23176.4,23200,691915,23250,638675,23300,580447,23150,554586,23200,543873,23100,490553,5778367.0,4377948.0,127509722.0,124145823.0
2026-06-09T14:24:39.948339,C:\Users\Vinit\OneDrive\Desktop\AlgoTrades\OI_DASH_V1\nifty_data_csv\nifty_20260609_142430.csv,23191.6,23200,694134,23250,687204,23300,549153,23200,695387,23150,629477,23100,444612,5688040.0,4547825.0,142843507.0,138657773.0
2026-06-09T14:49:41.493172,C:\Users\Vinit\OneDrive\Desktop\AlgoTrades\OI_DASH_V1\nifty_data_csv\nifty_20260609_144931.csv,23240.2,23300,689634,23250,596401,23200,339080,23200,804203,23250,559502,23150,376244,5079057.0,4587035.0,168396199.0,158356969.0
2026-06-09T15:14:43.031156,C:\Users\Vinit\OneDrive\Desktop\AlgoTrades\OI_DASH_V1\nifty_data_csv\nifty_20260609_151432.csv,23242.15,23300,585367,23250,506117,23500,224691,23250,668394,23200,499669,23150,239008,4224287.0,3898897.0,198826657.0,185985431.0
2026-06-09T15:39:44.353698,C:\Users\Vinit\OneDrive\Desktop\AlgoTrades\OI_DASH_V1\nifty_data_csv\nifty_20260609_153934.csv,23242.1,23250,360759,23300,325309,23500,169471,23200,379408,23250,260743,23150,177911,3312104.0,2730073.0,205696314.0,193712841.0
2026-06-09T15:47:31.258883,C:\Users\Vinit\OneDrive\Desktop\AlgoTrades\OI_DASH_V1\nifty_data_csv\nifty_20260609_154722.csv,23242.1,23250,360759,23300,325309,23500,169471,23200,379408,23250,260743,23150,177911,3312104.0,2730073.0,205696314.0,193712841.0
2026-06-09T16:12:32.779990,C:\Users\Vinit\OneDrive\Desktop\AlgoTrades\OI_DASH_V1\nifty_data_csv\nifty_20260609_161223.csv,23242.1,23250,360759,23300,325309,23500,169471,23200,379408,23250,260743,23150,177911,3312104.0,2730073.0,205696314.0,193712841.0
